[
  {
		"name": "ERD/CoastWatch West Coast Node",
		"short_name": "CSWC",
		"url": "https://coastwatch.pfeg.noaa.gov/erddap/",
		"public": true
  },
  {
		"name": "NOAA Polar Watch",
		"short_name": "POLARWATCH",
		"url": "https://polarwatch.noaa.gov/erddap/",
		"public": true
  },
  {
		"name": "NOAA UAF (Unified Access Framework)",
		"short_name": "UAF",
		"url": "https://upwell.pfeg.noaa.gov/erddap/",
		"public": true
  },
  {
		"name": "NOAA CoastWatch Central Operations",
		"short_name": "NCCO",
		"url": "https://coastwatch.noaa.gov/erddap/",
		"public": true
  },
  {
		"name": "CoastWatch Caribbean/Gulf of Mexico Node",
		"short_name": "CSCGOM",
		"url": "https://cwcgom.aoml.noaa.gov/erddap/",
		"public": true
  },
  {
		"name": "Coastwatch/Oceanwatch Hawaii-Pacific",
		"short_name": "PIFSC",
		"url": "https://oceanwatch.pifsc.noaa.gov/erddap/",
		"public": false
  },
  {  
		"name": "CeNCOOS (Central and Northern California Ocean Observing System) ERDDAP",
		"short_name": "CeNCOOS ERDDAP",
		"url": "http://erddap.cencoos.org/erddap/",
		"public": true
  },
  {
		"name": "Southern California Coastal Ocean Observing System (SCCOOS)",
		"short_name": "SCCOOS",
		"url": "https://sccoos.org/erddap/",
		"public": true
  },
  {
		"name": "NOAA IOOS Sensors ERDDAP",
		"short_name": "IOOS-Sensors",
		"url": "https://erddap.sensors.ioos.us/erddap/",
		"public": true
  },
  {
        "name": "NOAA IOOS NGDAC (National Glider Data Assembly Center)",
        "short_name": "NGDAC",
        "url": "https://gliders.ioos.us/erddap/",
        "public": true
  },
  {
		"name": "NANOOS (Northwest Association of Networked Ocean Observing Systems)",
		"short_name": "NANOOS",
		"url": "https://erddap.nanoos.org/erddap/",
		"public": true
  },
  {
		"name": "NOAA IOOS NERACOOS (Northeastern Regional Association of Coastal and Ocean Observing Systems)",
		"short_name": "NERACOOS",
		"url": "http://www.neracoos.org/erddap/",
		"public": true
  },
  {
 		"name": "NOAA IOOS MARACOOS (Mid-Atlantic Regional Association Coastal Ocean Observing Systems)",
		"short_name": "NERACOOS",
        "url":  "https://erddap.maracoos.org/erddap/",
		"public": true
  },
  {
 		"name": "NOAA IOOS SECOORA (Southeast Coastal Ocean Observing Regional Association)",
		"short_name": "SECOORA",
        "url":  "https://erddap.secoora.org/erddap/",
		"public": true
  },
  {
 		"name": "NOAA IOOS GLOS (Great Lakes Observing System)",
		"short_name": "GLOS",
        "url":  "https://seagull-erddap.glos.org/erddap/",
		"public": true
  },
  {
		"name": "NOAA IOOS GCOOS (Gulf of America Coastal Ocean Observing System)",
		"short_name": "GCOO4-TAMU",
        "url":  "https://erddap.gcoos.org/erddap/",
		"public": true
  },
  {
		"name": "GCOOS Biological and Socioeconomics",
		"short_name": "GCOO4-TAMU",
		"url": "https://gcoos4.tamu.edu/erddap/",
		"public": true
  },
  {
		"name": "GCOOS Atmospheric and Oceanographic: Historical Data",
		"short_name": "GCOO5-TAMU",
		"url": "https://gcoos5.geos.tamu.edu/erddap/",
		"public": true
  },
  {

		"name": "NOAA IOOS NERACOOS (Northeastern Regional Association of Coastal and Ocean Observing Systems)",
		"short_name": "NERACOOS",
		"url": "https://data.neracoos.org/erddap/",
		"public": true
  },
  {
		"name": "NOAA IOOS PacIOOS (Pacific Islands Ocean Observing System) at the University of Hawaii (UH)",
		"short_name": "PacIOOS",
		"url": "https://pae-paha.pacioos.hawaii.edu/erddap/",
		"public": true
  },
  {
		"name": "NOAA ATN IOOS (Animal Telemetry Network)",
		"short_name": "ATN-IOOS",
		"url": "https://atn.ioos.us/erddap/",
		"public": true
  },
  {
		"name": "NOAA IOOS AOOS (Alaska Ocean Observing System)",
		"short_name": "AOOS",
        "url":  "https://erddap.aoos.org/erddap/",
		"public": true
  },
  {
		"name": "NOAA's National Centers for Environmental Information (NCEI)",
		"short_name": "NCEI",
		"url": "https://www.ncei.noaa.gov/erddap/",
		"public": true
  },
  {
		"name": "NOAA OSMC (Observing System Monitoring Center)",
		"short_name": "OSMC",
		"url": "http://osmc.noaa.gov/erddap/",
		"public": true
  },
  {
		"name": "NOAA CoastWatch Great Lakes Node",
		"short_name": "GLERL",
		"url": "https://apps.glerl.noaa.gov/erddap/",
		"public": true
  },
  {
		"name": "NOAA PMEL (Pacific Marine Environmental Laboratory)",
		"short_name": "PMEL",
		"url": "https://ferret.pmel.noaa.gov/pmel/erddap",
		"public": true
  },
  {
		"name": "NOAA Global Drifter Program",
		"short_name": "AOML/GDP",
		"url": "https://erddap.aoml.noaa.gov/gdp/erddap/",
		"public": true
  },
  {
		"name": "NOAA NMFS Northeast Fisheries Science Center",
		"short_name": "NEFSC",
		"url": "https://comet.nefsc.noaa.gov/erddap/",
		"public": false
  },
  {
		"name": "ALAMO (Air Launched Autonomous Micro-Observer)",
		"short_name": "ALAMO",
		"url": "https://ferret.pmel.noaa.gov/alamo/erddap/",
		"public": true
  },
  {
		"name": "SOCAT (Surface Ocean CO2 ATlas)",
		"short_name": "SOCAT",
		"url": "https://ferret.pmel.noaa.gov/socat/erddap/",
		"public": true
  },
  {
 		"name": "NOAA Resource Damage Assessment & Restoration DIVER",
		"short_name": "ORR/DIVER",
        "url":  "https://pub-data.diver.orr.noaa.gov/erddap/",
		"public": true
  },
  {
		"name": "ERDDAP at the Asia-Pacific Data-Research Center",
		"short_name": "APDRC",
		"url": "https://apdrc.soest.hawaii.edu/erddap/",
		"public": true
  },
  {
		"name": "NOAA Oceanview",
		"short_name": "NOAA Oceanview",
		"url": "https://oceanview.pfeg.noaa.gov/erddap/",
		"public": true
  }
]